Land,Hauptstadt,Kontinent
Ägypten,Kairo,Afrika
Algerien,Algier,Afrika
Angola,Luanda,Afrika
Äquatorialguinea,Malabo,Afrika
Äthiopien,Addis Abeba,Afrika
Benin,Porto-Novo,Afrika
Botsuana,Gaborone,Afrika
Burkina Faso,Ouagadougou,Afrika
Burundi,Gitega,Afrika
Dschibuti,Dschibuti,Afrika
Elfenbeinküste,Yamoussoukro,Afrika
Eritrea,Asmara,Afrika
Eswatini,Mbabane,Afrika
Gabun,Libreville,Afrika
Gambia,Banjul,Afrika
Ghana,Accra,Afrika
Guinea,Conakry,Afrika
Guinea-Bissau,Bissau,Afrika
Kamerun,Jaunde,Afrika
Kap Verde,Praia,Afrika
Kenia,Nairobi,Afrika
Komoren,Moroni,Afrika
"Kongo, Demokratische Republik",Kinshasa,Afrika
"Kongo, Republik",Brazzaville,Afrika
Lesotho,Maseru,Afrika
Liberia,Monrovia,Afrika
Libyen,Tripolis,Afrika
Madagaskar,Antananarivo,Afrika
Malawi,Lilongwe,Afrika
Mali,Bamako,Afrika
Marokko,Rabat,Afrika
Mauretanien,Nouakchott,Afrika
Mauritius,Port Louis,Afrika
Mosambik,Maputo,Afrika
Namibia,Windhoek,Afrika
Niger,Niamey,Afrika
Nigeria,Abuja,Afrika
Ruanda,Kigali,Afrika
Sambia,Lusaka,Afrika
São Tomé und Príncipe,São Tomé,Afrika
Senegal,Dakar,Afrika
Seychellen,Victoria,Afrika
Sierra Leone,Freetown,Afrika
Simbabwe,Harare,Afrika
Somalia,Mogadischu,Afrika
Südafrika,"Pretoria, Kapstadt, Bloemfontein",Afrika
Südsudan,Juba,Afrika
Sudan,Khartum,Afrika
Tansania,Dodoma,Afrika
Togo,Lomé,Afrika
Tschad,N'Djamena,Afrika
Tunesien,Tunis,Afrika
Uganda,Kampala,Afrika
Zentralafrikanische Republik,Bangui,Afrika
Afghanistan,Kabul,Asien
Armenien,Jerewan,Asien
Aserbaidschan,Baku,Asien
Bahrain,Manama,Asien
Bangladesch,Dhaka,Asien
Bhutan,Thimphu,Asien
Brunei,Bandar Seri Begawan,Asien
China,Peking,Asien
Georgien,Tiflis,Asien
Indien,Neu-Delhi,Asien
Indonesien,Jakarta,Asien
Irak,Bagdad,Asien
Iran,Teheran,Asien
Israel,Jerusalem,Asien
Japan,Tokio,Asien
Jemen,Sanaa,Asien
Jordanien,Amman,Asien
Kambodscha,Phnom Penh,Asien
Kasachstan,Astana,Asien
Katar,Doha,Asien
Kirgisistan,Bischkek,Asien
Kuwait,Kuwait-Stadt,Asien
Laos,Vientiane,Asien
Libanon,Beirut,Asien
Malaysia,Kuala Lumpur,Asien
Malediven,Malé,Asien
Mongolei,Ulaanbaatar,Asien
Myanmar,Naypyidaw,Asien
Nepal,Kathmandu,Asien
Nordkorea,Pjöngjang,Asien
Oman,Maskat,Asien
Pakistan,Islamabad,Asien
Palästina,"Ramallah (Regierungssitz), beanspruchte Hauptstadt: Ost-Jerusalem",Asien
Philippinen,Manila,Asien
Saudi-Arabien,Riad,Asien
Singapur,Singapur,Asien
Sri Lanka,"Colombo, Sri Jayewardenepura Kotte",Asien
Südkorea,Seoul,Asien
Syrien,Damaskus,Asien
Tadschikistan,Duschanbe,Asien
Taiwan,Taipeh,Asien
Thailand,Bangkok,Asien
Timor-Leste,Dili,Asien
Turkmenistan,Aşgabat,Asien
Usbekistan,Taschkent,Asien
Vereinigte Arabische Emirate,Abu Dhabi,Asien
Vietnam,Hanoi,Asien
Zypern,Nikosia,Asien
Albanien,Tirana,Europa
Andorra,Andorra la Vella,Europa
Belarus,Minsk,Europa
Belgien,Brüssel,Europa
Bosnien und Herzegowina,Sarajevo,Europa
Bulgarien,Sofia,Europa
Dänemark,Kopenhagen,Europa
Deutschland,Berlin,Europa
Estland,Tallinn,Europa
Finnland,Helsinki,Europa
Frankreich,Paris,Europa
Griechenland,Athen,Europa
Irland,Dublin,Europa
Island,Reykjavík,Europa
Italien,Rom,Europa
Kosovo,Pristina,Europa
Kroatien,Zagreb,Europa
Lettland,Riga,Europa
Liechtenstein,Vaduz,Europa
Litauen,Vilnius,Europa
Luxemburg,Luxemburg,Europa
Malta,Valletta,Europa
Moldau,Chișinău,Europa
Monaco,Monaco,Europa
Montenegro,Podgorica,Europa
Niederlande,"Amsterdam, Regierungssitz: Den Haag",Europa
Nordmazedonien,Skopje,Europa
Norwegen,Oslo,Europa
Österreich,Wien,Europa
Polen,Warschau,Europa
Portugal,Lissabon,Europa
Rumänien,Bukarest,Europa
Russland,Moskau,Europa
San Marino,San Marino,Europa
Schweden,Stockholm,Europa
Schweiz,Bern,Europa
Serbien,Belgrad,Europa
Slowakei,Bratislava,Europa
Slowenien,Ljubljana,Europa
Spanien,Madrid,Europa
Tschechien,Prag,Europa
Türkei,Ankara,Europa
Ukraine,Kiew,Europa
Ungarn,Budapest,Europa
Vatikanstadt,Vatikanstadt,Europa
Vereinigtes Königreich,London,Europa
Antigua und Barbuda,Saint John's,Nordamerika
Bahamas,Nassau,Nordamerika
Barbados,Bridgetown,Nordamerika
Belize,Belmopan,Nordamerika
Costa Rica,San José,Nordamerika
Dominica,Roseau,Nordamerika
Dominikanische Republik,Santo Domingo,Nordamerika
El Salvador,San Salvador,Nordamerika
Grenada,St. George's,Nordamerika
Guatemala,Guatemala-Stadt,Nordamerika
Haiti,Port-au-Prince,Nordamerika
Honduras,Tegucigalpa,Nordamerika
Jamaika,Kingston,Nordamerika
Kanada,Ottawa,Nordamerika
Kuba,Havanna,Nordamerika
Mexiko,Mexiko-Stadt,Nordamerika
Nicaragua,Managua,Nordamerika
Panama,Panama-Stadt,Nordamerika
St. Kitts und Nevis,Basseterre,Nordamerika
St. Lucia,Castries,Nordamerika
St. Vincent und die Grenadinen,Kingstown,Nordamerika
Trinidad und Tobago,Port of Spain,Nordamerika
USA,"Washington, D.C.",Nordamerika
Argentinien,Buenos Aires,Südamerika
Bolivien,"Sucre, La Paz",Südamerika
Brasilien,Brasília,Südamerika
Chile,Santiago de Chile,Südamerika
Ecuador,Quito,Südamerika
Guyana,Georgetown,Südamerika
Kolumbien,Bogotá,Südamerika
Paraguay,Asunción,Südamerika
Peru,Lima,Südamerika
Suriname,Paramaribo,Südamerika
Uruguay,Montevideo,Südamerika
Venezuela,Caracas,Südamerika
Australien,Canberra,Ozeanien
Fidschi,Suva,Ozeanien
Kiribati,Tarawa,Ozeanien
Marshallinseln,Majuro,Ozeanien
Mikronesien,Palikir,Ozeanien
Nauru,Yaren,Ozeanien
Neuseeland,Wellington,Ozeanien
Palau,Ngerulmud,Ozeanien
Papua-Neuguinea,Port Moresby,Ozeanien
Salomonen,Honiara,Ozeanien
Samoa,Apia,Ozeanien
Tonga,Nukuʻalofa,Ozeanien
Tuvalu,Funafuti,Ozeanien
Vanuatu,Port Vila,Ozeanien
